<?xml version="1.0" encoding="UTF-8"?>
<project-private xmlns="http://www.netbeans.org/ns/project-private/1">
    <editor-bookmarks xmlns="http://www.netbeans.org/ns/editor-bookmarks/2" lastBookmarkId="0"/>
    <open-files xmlns="http://www.netbeans.org/ns/projectui-open-files/2">
        <group>
            <file>file:/C:/Users/manue/Desktop/YO/ORT/prog2/obligatorio1/obli1/src/solli/Interfaz.java</file>
            <file>file:/C:/Users/manue/Desktop/YO/ORT/prog2/obligatorio1/obli1/src/solli/Dominio.java</file>
        </group>
    </open-files>
</project-private>
